<?xml version="1.0" encoding="utf-8"?>
<?xml-model href="https://schemas.s100dev.net/schemas/S100/5.2.0/S100FC/20240515/S100_FC.sch" type="application/xml" schematypens="http://purl.oclc.org/dsdl/schematron"?>
<S100FC:S100_FC_FeatureCatalogue
        xmlns:S100FC="http://www.iho.int/S100FC/5.2"
        xmlns:S100Base="http://www.iho.int/S100Base/5.0"
        xmlns:S100CI="http://www.iho.int/S100CI/5.0"
        xmlns:S100CD="http://www.iho.int/S100CD/5.0"
        xmlns:xsi="http://www.w3.org/2001/XMLSchema-instance"
        xsi:schemaLocation="http://www.iho.int/S100FC/5.2 https://schemas.s100dev.net/schemas/S100/5.2.0/S100FC/20231214/S100FC.xsd">
        <S100FC:name>S-111</S100FC:name>
        <S100FC:scope>Navigationally Significant Surface Current which may be used alone or as an auxiliary layer of data with an ENC.</S100FC:scope>
        <S100FC:fieldOfApplication>Marine navigation</S100FC:fieldOfApplication>
        <S100FC:versionNumber>2.0.0</S100FC:versionNumber>
        <S100FC:versionDate>2024-07-31</S100FC:versionDate>
        <S100FC:productId>S-111</S100FC:productId>
        <S100FC:producer>
                <S100CI:role>owner</S100CI:role>
                <S100CI:party>
                        <S100CI:CI_Organisation>
                                <S100CI:name>International Hydrographic Organization</S100CI:name>
                                <S100CI:contactInfo>
                                        <S100CI:phone>
                                                <S100CI:number>+377 93 10 81 00</S100CI:number>
                                                <S100CI:numberType>voice</S100CI:numberType>
                                        </S100CI:phone>
                                        <S100CI:address>
                                                <S100CI:deliveryPoint>4b quai Antoine 1er</S100CI:deliveryPoint>
                                                <S100CI:postalCode>B.P.445</S100CI:postalCode>
                                                <S100CI:country>MONACO</S100CI:country>
                                                <S100CI:electronicMailAddress>info@iho.int</S100CI:electronicMailAddress>
                                        </S100CI:address>
                                </S100CI:contactInfo>
                        </S100CI:CI_Organisation>
                </S100CI:party>
        </S100FC:producer>
        <S100FC:classification>unclassified</S100FC:classification>
        <S100FC:S100_FC_DefinitionSources>
                <S100FC:FC_DefinitionSource id="IHOREG">
                        <S100FC:source>
                                <S100CI:title>IHO GI Registry</S100CI:title>
                                <S100CI:onlineResource>
                                        <S100CI:linkage>http://registry.iho.int</S100CI:linkage>
                                </S100CI:onlineResource>
                        </S100FC:source>
                </S100FC:FC_DefinitionSource>
        </S100FC:S100_FC_DefinitionSources>
        <S100FC:S100_FC_SimpleAttributes>
                <S100FC:S100_FC_SimpleAttribute>
                        <S100FC:name>Direction Uncertainty</S100FC:name>
                        <S100FC:definition>The best estimate of the accuracy of a bearing.</S100FC:definition>
                        <S100FC:code>directionUncertainty</S100FC:code>
                        <S100FC:definitionReference>
                                <S100FC:sourceIdentifier>811</S100FC:sourceIdentifier>
                                <S100FC:definitionSource ref="IHOREG"/>
                        </S100FC:definitionReference>
                        <S100FC:valueType>real</S100FC:valueType>
                        <S100FC:uom>
                                <S100Base:name>degree</S100Base:name>
                                <S100Base:definition>Degrees of arc (compass direction)</S100Base:definition>
                                <S100Base:symbol>°</S100Base:symbol>
                        </S100FC:uom>
                        <S100FC:quantitySpecification>planeAngle</S100FC:quantitySpecification>
                        <S100FC:constraints>
                                <S100CD:range>
                                        <S100Base:lowerBound>0.0</S100Base:lowerBound>
                                        <S100Base:upperBound>359.9</S100Base:upperBound>
                                        <S100Base:closure>closedInterval</S100Base:closure>
                                </S100CD:range>
                                <S100CD:precision>1</S100CD:precision>
                        </S100FC:constraints>
                </S100FC:S100_FC_SimpleAttribute>
                <S100FC:S100_FC_SimpleAttribute>
                        <S100FC:name>Speed Uncertainty</S100FC:name>
                        <S100FC:definition>Estimate characterising the accuracy of a speed value, or of the magnitude component of a velocity.</S100FC:definition>
                        <S100FC:code>speedUncertainty</S100FC:code>
                        <S100FC:remarks>The estimate is as defined within a particular confidence level and expressed as a positive value.</S100FC:remarks>
                        <S100FC:definitionReference>
                                <S100FC:sourceIdentifier>1239</S100FC:sourceIdentifier>
                                <S100FC:definitionSource ref="IHOREG"/>
                        </S100FC:definitionReference>
                        <S100FC:valueType>real</S100FC:valueType>
                        <S100FC:uom>
                                <S100Base:name>knot</S100Base:name>
                                <S100Base:definition>Nautical miles per hour</S100Base:definition>
                                <S100Base:symbol>kn</S100Base:symbol>
                        </S100FC:uom>
                        <S100FC:quantitySpecification>speed</S100FC:quantitySpecification>
                        <S100FC:constraints>
                                <S100CD:range>
                                        <S100Base:lowerBound>0.00</S100Base:lowerBound>
                                        <S100Base:closure>geSemiInterval</S100Base:closure>
                                </S100CD:range>
                                <S100CD:precision>2</S100CD:precision>
                        </S100FC:constraints>
                </S100FC:S100_FC_SimpleAttribute>
                <S100FC:S100_FC_SimpleAttribute>
                        <S100FC:name>Surface Current Direction</S100FC:name>
                        <S100FC:definition>The direction toward which a surface current is flowing, called the set of the surface current.</S100FC:definition>
                        <S100FC:code>surfaceCurrentDirection</S100FC:code>
                        <S100FC:definitionReference>
                                <S100FC:sourceIdentifier>878</S100FC:sourceIdentifier>
                                <S100FC:definitionSource ref="IHOREG"/>
                        </S100FC:definitionReference>
                        <S100FC:valueType>real</S100FC:valueType>
                        <S100FC:uom>
                                <S100Base:name>degree</S100Base:name>
                                <S100Base:definition>Degrees of arc (compass direction)</S100Base:definition>
                                <S100Base:symbol>°</S100Base:symbol>
                        </S100FC:uom>
                        <S100FC:quantitySpecification>planeAngle</S100FC:quantitySpecification>
                        <S100FC:constraints>
                                <S100CD:range>
                                        <S100Base:lowerBound>0.0</S100Base:lowerBound>
                                        <S100Base:upperBound>359.9</S100Base:upperBound>
                                        <S100Base:closure>closedInterval</S100Base:closure>
                                </S100CD:range>
                                <S100CD:precision>1</S100CD:precision>
                        </S100FC:constraints>
                </S100FC:S100_FC_SimpleAttribute>
                <S100FC:S100_FC_SimpleAttribute>
                        <S100FC:name>Surface Current Speed</S100FC:name>
                        <S100FC:definition>Magnitude of current velocity at the water surface, measured or calculated at a depth (or range of depths) consistent with the data product.</S100FC:definition>
                        <S100FC:code>surfaceCurrentSpeed</S100FC:code>
                        <S100FC:definitionReference>
                                <S100FC:sourceIdentifier>879</S100FC:sourceIdentifier>
                                <S100FC:definitionSource ref="IHOREG"/>
                        </S100FC:definitionReference>
                        <S100FC:valueType>real</S100FC:valueType>
                        <S100FC:uom>
                                <S100Base:name>knot</S100Base:name>
                                <S100Base:definition>Nautical miles per hour</S100Base:definition>
                                <S100Base:symbol>kn</S100Base:symbol>
                        </S100FC:uom>
                        <S100FC:quantitySpecification>speed</S100FC:quantitySpecification>
                        <S100FC:constraints>
                                <S100CD:range>
                                        <S100Base:lowerBound>0.00</S100Base:lowerBound>
                                        <S100Base:closure>geSemiInterval</S100Base:closure>
                                </S100CD:range>
                                <S100CD:precision>2</S100CD:precision>
                        </S100FC:constraints>
                </S100FC:S100_FC_SimpleAttribute>
                <S100FC:S100_FC_SimpleAttribute>
                        <S100FC:name>Surface Current Time</S100FC:name>
                        <S100FC:definition>The time of the surface current data, expressed in ISO 8601 Date-time format.</S100FC:definition>
                        <S100FC:code>surfaceCurrentTime</S100FC:code>
                        <S100FC:remarks>Unit: Years, months, days, hours, minutes, seconds; Resolution: 1 second. Example: 19850412T101530Z denotes 10 hours, 15 minutes, and 30 seconds, Universal Time on 12 April 1985.</S100FC:remarks>
                        <S100FC:definitionReference>
                                <S100FC:sourceIdentifier>1114</S100FC:sourceIdentifier>
                                <S100FC:definitionSource ref="IHOREG"/>
                        </S100FC:definitionReference>
                        <S100FC:valueType>dateTime</S100FC:valueType>
                        <S100FC:constraints>
                                <S100CD:textPattern>(((((19)|(20))\d{2})|(21([0-4]\d)))(1[0-2]|0[1-9])(3[01]|0[1-9]|[12][0-9])T(2[0-3]|[01][0-9]):?([0-5][0-9]):?([0-5][0-9])Z)|(21500101T000000Z)</S100CD:textPattern>
                        </S100FC:constraints>
                </S100FC:S100_FC_SimpleAttribute>
        </S100FC:S100_FC_SimpleAttributes>
        <S100FC:S100_FC_FeatureTypes>
                <S100FC:S100_FC_FeatureType isAbstract="false">
                        <S100FC:name>Surface Current</S100FC:name>
                        <S100FC:definition>A current that does not extend more than a few (2-3) metres below the surface.</S100FC:definition>
                        <S100FC:code>SurfaceCurrent</S100FC:code>
                        <S100FC:definitionReference>
                                <S100FC:sourceIdentifier>578</S100FC:sourceIdentifier>
                                <S100FC:definitionSource ref="IHOREG"/>
                        </S100FC:definitionReference>
                        <S100FC:attributeBinding sequential="false">
                                <S100FC:multiplicity>
                                        <S100Base:lower>1</S100Base:lower>
                                        <S100Base:upper xsi:nil="false" infinite="false">1</S100Base:upper>
                                </S100FC:multiplicity>
                                <S100FC:attribute ref="surfaceCurrentSpeed"/>
                        </S100FC:attributeBinding>                        
                        <S100FC:attributeBinding sequential="false">
                                <S100FC:multiplicity>
                                        <S100Base:lower>1</S100Base:lower>
                                        <S100Base:upper xsi:nil="false" infinite="false">1</S100Base:upper>
                                </S100FC:multiplicity>
                                <S100FC:attribute ref="surfaceCurrentDirection"/>
                        </S100FC:attributeBinding>
                        <S100FC:attributeBinding sequential="false">
                                <S100FC:multiplicity>
                                        <S100Base:lower>0</S100Base:lower>
                                        <S100Base:upper xsi:nil="false" infinite="false">1</S100Base:upper>
                                </S100FC:multiplicity>
                                <S100FC:attribute ref="surfaceCurrentTime"/>
                        </S100FC:attributeBinding>
                        <S100FC:attributeBinding sequential="false">
                                <S100FC:multiplicity>
                                        <S100Base:lower>0</S100Base:lower>
                                        <S100Base:upper xsi:nil="false" infinite="false">1</S100Base:upper>
                                </S100FC:multiplicity>
                                <S100FC:attribute ref="speedUncertainty"/>
                        </S100FC:attributeBinding>
                        <S100FC:attributeBinding sequential="false">
                                <S100FC:multiplicity>
                                        <S100Base:lower>0</S100Base:lower>
                                        <S100Base:upper xsi:nil="false" infinite="false">1</S100Base:upper>
                                </S100FC:multiplicity>
                                <S100FC:attribute ref="directionUncertainty"/>
                        </S100FC:attributeBinding>
                        <S100FC:featureUseType>geographic</S100FC:featureUseType>
                        <S100FC:permittedPrimitives>coverage</S100FC:permittedPrimitives>
                        
                </S100FC:S100_FC_FeatureType>
        </S100FC:S100_FC_FeatureTypes>
</S100FC:S100_FC_FeatureCatalogue>
