<?xml version="1.0" encoding="UTF-8"?>
<dm:S102_MetadataBlock xmlns:dm="http://www.iho.int/s102/2.0/dm">
  <dm:discoveryMetadata>
    <dm:S102_DS_DiscoveryMetadata>
      <dm:resourceScope>
        <mcc:MD_ScopeCode xmlns:mdb="http://standards.iso.org/iso/19115/-3/mdb/2.0" xmlns:cit="http://standards.iso.org/iso/19115/-3/cit/1.0" xmlns:gco="http://standards.iso.org/iso/19115/-3/gco/1.0" xmlns:gex="http://standards.iso.org/iso/19115/-3/gex/1.0" xmlns:gml="http://www.opengis.net/gml/3.2" xmlns:lan="http://standards.iso.org/iso/19115/-3/lan/1.0" xmlns:mac="http://standards.iso.org/iso/19115/-3/mac/2.0" xmlns:mcc="http://standards.iso.org/iso/19115/-3/mcc/1.0" xmlns:mco="http://standards.iso.org/iso/19115/-3/mco/1.0" xmlns:mdq="http://standards.iso.org/iso/19157/-2/mdq/1.0" xmlns:mrd="http://standards.iso.org/iso/19115/-3/mrd/1.0" xmlns:mri="http://standards.iso.org/iso/19115/-3/mri/1.0" xmlns:mrl="http://standards.iso.org/iso/19115/-3/mrl/2.0" xmlns:mrs="http://standards.iso.org/iso/19115/-3/mrs/1.0" xmlns:msr="http://standards.iso.org/iso/19115/-3/msr/2.0" xmlns:xlink="http://www.w3.org/1999/xlink" xmlns:xsi="http://www.w3.org/2001/XMLSchema-instance" codeList="http://www.isotc211.org/2005/resources/Codelist/gmxCodelists.xml#MD_ScopeCode" codeListValue="dataset">dataset</mcc:MD_ScopeCode>
      </dm:resourceScope>
      <dm:abstract>
        <gco:CharacterString xmlns:mdb="http://standards.iso.org/iso/19115/-3/mdb/2.0" xmlns:cit="http://standards.iso.org/iso/19115/-3/cit/1.0" xmlns:gco="http://standards.iso.org/iso/19115/-3/gco/1.0" xmlns:gex="http://standards.iso.org/iso/19115/-3/gex/1.0" xmlns:gml="http://www.opengis.net/gml/3.2" xmlns:lan="http://standards.iso.org/iso/19115/-3/lan/1.0" xmlns:mac="http://standards.iso.org/iso/19115/-3/mac/2.0" xmlns:mcc="http://standards.iso.org/iso/19115/-3/mcc/1.0" xmlns:mco="http://standards.iso.org/iso/19115/-3/mco/1.0" xmlns:mdq="http://standards.iso.org/iso/19157/-2/mdq/1.0" xmlns:mrd="http://standards.iso.org/iso/19115/-3/mrd/1.0" xmlns:mri="http://standards.iso.org/iso/19115/-3/mri/1.0" xmlns:mrl="http://standards.iso.org/iso/19115/-3/mrl/2.0" xmlns:mrs="http://standards.iso.org/iso/19115/-3/mrs/1.0" xmlns:msr="http://standards.iso.org/iso/19115/-3/msr/2.0" xmlns:xlink="http://www.w3.org/1999/xlink" xmlns:xsi="http://www.w3.org/2001/XMLSchema-instance">Combined Bathymetric Tiled Data</gco:CharacterString>
      </dm:abstract>
      <dm:citation>
        <cit:CI_Citation xmlns:mdb="http://standards.iso.org/iso/19115/-3/mdb/2.0" xmlns:cit="http://standards.iso.org/iso/19115/-3/cit/1.0" xmlns:gco="http://standards.iso.org/iso/19115/-3/gco/1.0" xmlns:gex="http://standards.iso.org/iso/19115/-3/gex/1.0" xmlns:gml="http://www.opengis.net/gml/3.2" xmlns:lan="http://standards.iso.org/iso/19115/-3/lan/1.0" xmlns:mac="http://standards.iso.org/iso/19115/-3/mac/2.0" xmlns:mcc="http://standards.iso.org/iso/19115/-3/mcc/1.0" xmlns:mco="http://standards.iso.org/iso/19115/-3/mco/1.0" xmlns:mdq="http://standards.iso.org/iso/19157/-2/mdq/1.0" xmlns:mrd="http://standards.iso.org/iso/19115/-3/mrd/1.0" xmlns:mri="http://standards.iso.org/iso/19115/-3/mri/1.0" xmlns:mrl="http://standards.iso.org/iso/19115/-3/mrl/2.0" xmlns:mrs="http://standards.iso.org/iso/19115/-3/mrs/1.0" xmlns:msr="http://standards.iso.org/iso/19115/-3/msr/2.0" xmlns:xlink="http://www.w3.org/1999/xlink" xmlns:xsi="http://www.w3.org/2001/XMLSchema-instance">
          <cit:title>
            <gco:CharacterString>102GBTD5N5130E00060.csar</gco:CharacterString>
          </cit:title>
          <cit:date>
            <cit:CI_Date>
              <cit:date>
                <gco:Date>2021-12-29</gco:Date>
              </cit:date>
              <cit:dateType>
                <cit:CI_DateTypeCode codeList="http://www.isotc211.org/2005/resources/Codelist/gmxCodelists.xml#CI_DateTypeCode" codeListValue="creation">creation</cit:CI_DateTypeCode>
              </cit:dateType>
            </cit:CI_Date>
          </cit:date>
          <cit:citedResponsibleParty>
            <cit:CI_Responsibility>
              <cit:role>
                <cit:CI_RoleCode codeList="http://standards.iso.org/iso/19115/-3/cit/1.0#CI_RoleCode" codeListValue="publisher">publisher</cit:CI_RoleCode>
              </cit:role>
              <cit:party>
                <cit:CI_Individual>
                  <cit:name>
                    <gco:CharacterString>UK Hydrographic Office</gco:CharacterString>
                  </cit:name>
                  <cit:positionName>
                    <gco:CharacterString>UK Hydrographic Office</gco:CharacterString>
                  </cit:positionName>
                </cit:CI_Individual>
              </cit:party>
              <cit:party>
                <cit:CI_Organisation>
                  <cit:name>
                    <gco:CharacterString>UK Hydrographic Office</gco:CharacterString>
                  </cit:name>
                </cit:CI_Organisation>
              </cit:party>
            </cit:CI_Responsibility>
          </cit:citedResponsibleParty>
        </cit:CI_Citation>
      </dm:citation>
      <dm:spatialRepresentationType>
        <mcc:MD_SpatialRepresentationTypeCode xmlns:mdb="http://standards.iso.org/iso/19115/-3/mdb/2.0" xmlns:cit="http://standards.iso.org/iso/19115/-3/cit/1.0" xmlns:gco="http://standards.iso.org/iso/19115/-3/gco/1.0" xmlns:gex="http://standards.iso.org/iso/19115/-3/gex/1.0" xmlns:gml="http://www.opengis.net/gml/3.2" xmlns:lan="http://standards.iso.org/iso/19115/-3/lan/1.0" xmlns:mac="http://standards.iso.org/iso/19115/-3/mac/2.0" xmlns:mcc="http://standards.iso.org/iso/19115/-3/mcc/1.0" xmlns:mco="http://standards.iso.org/iso/19115/-3/mco/1.0" xmlns:mdq="http://standards.iso.org/iso/19157/-2/mdq/1.0" xmlns:mrd="http://standards.iso.org/iso/19115/-3/mrd/1.0" xmlns:mri="http://standards.iso.org/iso/19115/-3/mri/1.0" xmlns:mrl="http://standards.iso.org/iso/19115/-3/mrl/2.0" xmlns:mrs="http://standards.iso.org/iso/19115/-3/mrs/1.0" xmlns:msr="http://standards.iso.org/iso/19115/-3/msr/2.0" xmlns:xlink="http://www.w3.org/1999/xlink" xmlns:xsi="http://www.w3.org/2001/XMLSchema-instance" codeList="http://www.isotc211.org/2005/resources/Codelist/gmxCodelists.xml#MD_SpatialRepresentationTypeCode" codeListValue="grid">grid</mcc:MD_SpatialRepresentationTypeCode>
      </dm:spatialRepresentationType>
      <dm:topicCategory>
        <mri:MD_TopicCategoryCode xmlns:mdb="http://standards.iso.org/iso/19115/-3/mdb/2.0" xmlns:cit="http://standards.iso.org/iso/19115/-3/cit/1.0" xmlns:gco="http://standards.iso.org/iso/19115/-3/gco/1.0" xmlns:gex="http://standards.iso.org/iso/19115/-3/gex/1.0" xmlns:gml="http://www.opengis.net/gml/3.2" xmlns:lan="http://standards.iso.org/iso/19115/-3/lan/1.0" xmlns:mac="http://standards.iso.org/iso/19115/-3/mac/2.0" xmlns:mcc="http://standards.iso.org/iso/19115/-3/mcc/1.0" xmlns:mco="http://standards.iso.org/iso/19115/-3/mco/1.0" xmlns:mdq="http://standards.iso.org/iso/19157/-2/mdq/1.0" xmlns:mrd="http://standards.iso.org/iso/19115/-3/mrd/1.0" xmlns:mri="http://standards.iso.org/iso/19115/-3/mri/1.0" xmlns:mrl="http://standards.iso.org/iso/19115/-3/mrl/2.0" xmlns:mrs="http://standards.iso.org/iso/19115/-3/mrs/1.0" xmlns:msr="http://standards.iso.org/iso/19115/-3/msr/2.0" xmlns:xlink="http://www.w3.org/1999/xlink" xmlns:xsi="http://www.w3.org/2001/XMLSchema-instance">elevation</mri:MD_TopicCategoryCode>
      </dm:topicCategory>
      <dm:extent>
        <gex:EX_Extent xmlns:mdb="http://standards.iso.org/iso/19115/-3/mdb/2.0" xmlns:cit="http://standards.iso.org/iso/19115/-3/cit/1.0" xmlns:gco="http://standards.iso.org/iso/19115/-3/gco/1.0" xmlns:gex="http://standards.iso.org/iso/19115/-3/gex/1.0" xmlns:gml="http://www.opengis.net/gml/3.2" xmlns:lan="http://standards.iso.org/iso/19115/-3/lan/1.0" xmlns:mac="http://standards.iso.org/iso/19115/-3/mac/2.0" xmlns:mcc="http://standards.iso.org/iso/19115/-3/mcc/1.0" xmlns:mco="http://standards.iso.org/iso/19115/-3/mco/1.0" xmlns:mdq="http://standards.iso.org/iso/19157/-2/mdq/1.0" xmlns:mrd="http://standards.iso.org/iso/19115/-3/mrd/1.0" xmlns:mri="http://standards.iso.org/iso/19115/-3/mri/1.0" xmlns:mrl="http://standards.iso.org/iso/19115/-3/mrl/2.0" xmlns:mrs="http://standards.iso.org/iso/19115/-3/mrs/1.0" xmlns:msr="http://standards.iso.org/iso/19115/-3/msr/2.0" xmlns:xlink="http://www.w3.org/1999/xlink" xmlns:xsi="http://www.w3.org/2001/XMLSchema-instance">
          <gex:geographicElement>
            <gex:EX_GeographicBoundingBox>
              <gex:westBoundLongitude>
                <gco:Decimal>0.5999</gco:Decimal>
              </gex:westBoundLongitude>
              <gex:eastBoundLongitude>
                <gco:Decimal>0.7</gco:Decimal>
              </gex:eastBoundLongitude>
              <gex:southBoundLatitude>
                <gco:Decimal>51.3</gco:Decimal>
              </gex:southBoundLatitude>
              <gex:northBoundLatitude>
                <gco:Decimal>51.4001</gco:Decimal>
              </gex:northBoundLatitude>
            </gex:EX_GeographicBoundingBox>
          </gex:geographicElement>
          <gex:verticalElement>
            <gex:EX_VerticalExtent>
              <gex:minimumValue>
                <gco:Real>-2.91</gco:Real>
              </gex:minimumValue>
              <gex:maximumValue>
                <gco:Real>3.73</gco:Real>
              </gex:maximumValue>
              <gex:verticalCRS gco:nilReason="unknown"/>
            </gex:EX_VerticalExtent>
          </gex:verticalElement>
        </gex:EX_Extent>
      </dm:extent>
      <dm:contact>
        <cit:CI_Responsibility xmlns:mdb="http://standards.iso.org/iso/19115/-3/mdb/2.0" xmlns:cit="http://standards.iso.org/iso/19115/-3/cit/1.0" xmlns:gco="http://standards.iso.org/iso/19115/-3/gco/1.0" xmlns:gex="http://standards.iso.org/iso/19115/-3/gex/1.0" xmlns:gml="http://www.opengis.net/gml/3.2" xmlns:lan="http://standards.iso.org/iso/19115/-3/lan/1.0" xmlns:mac="http://standards.iso.org/iso/19115/-3/mac/2.0" xmlns:mcc="http://standards.iso.org/iso/19115/-3/mcc/1.0" xmlns:mco="http://standards.iso.org/iso/19115/-3/mco/1.0" xmlns:mdq="http://standards.iso.org/iso/19157/-2/mdq/1.0" xmlns:mrd="http://standards.iso.org/iso/19115/-3/mrd/1.0" xmlns:mri="http://standards.iso.org/iso/19115/-3/mri/1.0" xmlns:mrl="http://standards.iso.org/iso/19115/-3/mrl/2.0" xmlns:mrs="http://standards.iso.org/iso/19115/-3/mrs/1.0" xmlns:msr="http://standards.iso.org/iso/19115/-3/msr/2.0" xmlns:xlink="http://www.w3.org/1999/xlink" xmlns:xsi="http://www.w3.org/2001/XMLSchema-instance">
          <cit:role>
            <cit:CI_RoleCode codeList="http://standards.iso.org/iso/19115/-3/cit/1.0#CI_RoleCode" codeListValue="publisher">publisher</cit:CI_RoleCode>
          </cit:role>
          <cit:party>
            <cit:CI_Individual>
              <cit:name>
                <gco:CharacterString>UK Hydrographic Office</gco:CharacterString>
              </cit:name>
              <cit:positionName>
                <gco:CharacterString>UK Hydrographic Office</gco:CharacterString>
              </cit:positionName>
            </cit:CI_Individual>
          </cit:party>
          <cit:party>
            <cit:CI_Organisation>
              <cit:name>
                <gco:CharacterString>UK Hydrographic Office</gco:CharacterString>
              </cit:name>
            </cit:CI_Organisation>
          </cit:party>
        </cit:CI_Responsibility>
      </dm:contact>
      <dm:dateInfo>
        <cit:CI_Date xmlns:mdb="http://standards.iso.org/iso/19115/-3/mdb/2.0" xmlns:cit="http://standards.iso.org/iso/19115/-3/cit/1.0" xmlns:gco="http://standards.iso.org/iso/19115/-3/gco/1.0" xmlns:gex="http://standards.iso.org/iso/19115/-3/gex/1.0" xmlns:gml="http://www.opengis.net/gml/3.2" xmlns:lan="http://standards.iso.org/iso/19115/-3/lan/1.0" xmlns:mac="http://standards.iso.org/iso/19115/-3/mac/2.0" xmlns:mcc="http://standards.iso.org/iso/19115/-3/mcc/1.0" xmlns:mco="http://standards.iso.org/iso/19115/-3/mco/1.0" xmlns:mdq="http://standards.iso.org/iso/19157/-2/mdq/1.0" xmlns:mrd="http://standards.iso.org/iso/19115/-3/mrd/1.0" xmlns:mri="http://standards.iso.org/iso/19115/-3/mri/1.0" xmlns:mrl="http://standards.iso.org/iso/19115/-3/mrl/2.0" xmlns:mrs="http://standards.iso.org/iso/19115/-3/mrs/1.0" xmlns:msr="http://standards.iso.org/iso/19115/-3/msr/2.0" xmlns:xlink="http://www.w3.org/1999/xlink" xmlns:xsi="http://www.w3.org/2001/XMLSchema-instance">
          <cit:date>
            <gco:Date>2022-01-04</gco:Date>
          </cit:date>
          <cit:dateType>
            <cit:CI_DateTypeCode codeList="http://www.isotc211.org/2005/resources/Codelist/gmxCodelists.xml#CI_DateTypeCode" codeListValue="creation">creation</cit:CI_DateTypeCode>
          </cit:dateType>
        </cit:CI_Date>
      </dm:dateInfo>
      <dm:defaultLocale>
        <lan:PT_Locale xmlns:mdb="http://standards.iso.org/iso/19115/-3/mdb/2.0" xmlns:cit="http://standards.iso.org/iso/19115/-3/cit/1.0" xmlns:gco="http://standards.iso.org/iso/19115/-3/gco/1.0" xmlns:gex="http://standards.iso.org/iso/19115/-3/gex/1.0" xmlns:gml="http://www.opengis.net/gml/3.2" xmlns:lan="http://standards.iso.org/iso/19115/-3/lan/1.0" xmlns:mac="http://standards.iso.org/iso/19115/-3/mac/2.0" xmlns:mcc="http://standards.iso.org/iso/19115/-3/mcc/1.0" xmlns:mco="http://standards.iso.org/iso/19115/-3/mco/1.0" xmlns:mdq="http://standards.iso.org/iso/19157/-2/mdq/1.0" xmlns:mrd="http://standards.iso.org/iso/19115/-3/mrd/1.0" xmlns:mri="http://standards.iso.org/iso/19115/-3/mri/1.0" xmlns:mrl="http://standards.iso.org/iso/19115/-3/mrl/2.0" xmlns:mrs="http://standards.iso.org/iso/19115/-3/mrs/1.0" xmlns:msr="http://standards.iso.org/iso/19115/-3/msr/2.0" xmlns:xlink="http://www.w3.org/1999/xlink" xmlns:xsi="http://www.w3.org/2001/XMLSchema-instance">
          <lan:language>
            <lan:LanguageCode codeList="http://www.loc.gov/standards/iso639-2#LanguageCode" codeListValue="eng">eng</lan:LanguageCode>
          </lan:language>
          <lan:characterEncoding>
            <lan:MD_CharacterSetCode codeList="http://www.loc.gov/standards/iso639-2#MD_CharacterSetCode" codeListValue="utf8">utf8</lan:MD_CharacterSetCode>
          </lan:characterEncoding>
        </lan:PT_Locale>
      </dm:defaultLocale>
      <dm:verticalUncertaintyType>
        <dm:S102_VertUncertCode xmlns:mdb="http://standards.iso.org/iso/19115/-3/mdb/2.0" xmlns:cit="http://standards.iso.org/iso/19115/-3/cit/1.0" xmlns:gco="http://standards.iso.org/iso/19115/-3/gco/1.0" xmlns:gex="http://standards.iso.org/iso/19115/-3/gex/1.0" xmlns:gml="http://www.opengis.net/gml/3.2" xmlns:lan="http://standards.iso.org/iso/19115/-3/lan/1.0" xmlns:mac="http://standards.iso.org/iso/19115/-3/mac/2.0" xmlns:mcc="http://standards.iso.org/iso/19115/-3/mcc/1.0" xmlns:mco="http://standards.iso.org/iso/19115/-3/mco/1.0" xmlns:mdq="http://standards.iso.org/iso/19157/-2/mdq/1.0" xmlns:mrd="http://standards.iso.org/iso/19115/-3/mrd/1.0" xmlns:mri="http://standards.iso.org/iso/19115/-3/mri/1.0" xmlns:mrl="http://standards.iso.org/iso/19115/-3/mrl/2.0" xmlns:mrs="http://standards.iso.org/iso/19115/-3/mrs/1.0" xmlns:msr="http://standards.iso.org/iso/19115/-3/msr/2.0" xmlns:xlink="http://www.w3.org/1999/xlink" xmlns:xsi="http://www.w3.org/2001/XMLSchema-instance" codeList="http://www.iho.int/s102/2.0/dm/S102_Codelists.xml#S102_VertUncertCode" codeListValue="Unknown">Unknown</dm:S102_VertUncertCode>
      </dm:verticalUncertaintyType>
    </dm:S102_DS_DiscoveryMetadata>
  </dm:discoveryMetadata>
</dm:S102_MetadataBlock>
