<?xml version="1.0" encoding="utf-8"?>

<?S100lineage source="S52Preslib4.0" format="S100Ed2" version="0.1" creationDate="2015-03-13"?>
<?S100Meta name="CTYARE51" exposition="boundary of area to be navigated with caution"?>
<ls:lineStyle xmlns:ls="http://www.iho.int/S100LineStyle/5.2">
   <intervalLength>8.6</intervalLength>
   <pen width="0.32">
      <color>CHMGD</color>
   </pen>
   <dash>
      <start>1</start>
      <length>6</length>
   </dash>
   <symbol reference="EMAREMG1">
      <position>4</position>
   </symbol>
</ls:lineStyle>
