<?xml version="1.0" encoding="utf-8"?>

<?S100lineage source="S52Preslib4.0" format="S100Ed2" version="0.1" creationDate="2022-02-25"?>
<?S100Meta name="DWRTCL06" exposition="dKart style, two-way deep water route centreline, based on fixed marks"?>
<ls:lineStyle xmlns:ls="http://www.iho.int/S100LineStyle/5.2">
   <intervalLength>25.6</intervalLength>
   <pen width="0.32">
      <color>TRFCD</color>
   </pen>
   <dash>
      <start>0</start>
      <length>16.6</length>
   </dash>
   <symbol reference="EMDWRTC1">
      <position>6</position>
   </symbol>
   <symbol reference="EMDWRTC2">
      <position>10.6</position>
   </symbol>
   <symbol reference="EMDWRUT2">
      <position>21</position>
   </symbol>
</ls:lineStyle>
