<?xml version="1.0" encoding="utf-8"?>

<?S100lineage source="S52Preslib4.0" format="S100Ed2" version="0.1" creationDate="2022-02-25"?>
<?S100Meta name="DWRTCL08" exposition="dKart style, one-way deep water route centreline, based on fixed-marks"?>
<ls:lineStyle xmlns:ls="http://www.iho.int/S100LineStyle/5.2">
   <intervalLength>22.8</intervalLength>
   <pen width="0.32">
      <color>TRFCD</color>
   </pen>
   <dash>
      <start>0</start>
      <length>13.1</length>
   </dash>
   <symbol reference="EMDWRTC2">
      <position>6.5</position>
   </symbol>
   <symbol reference="EMDWRUT2">
      <position>18.2</position>
   </symbol>
</ls:lineStyle>
