<?xml version="1.0" encoding="utf-8"?>
<?S100lineage source="S52Preslib4.0" format="S100Ed2" version="0.1" creationDate="2015-03-16"?>
<?S100Meta name="INDHLT02" exposition="indication highlight for mariner's use"?>
<ls:compositeLineStyle xmlns:ls="http://www.iho.int/S100LineStyle/5.2">
    <lineStyle>
        <pen width="1.28">
            <color>BKAJ1</color>
        </pen>
    </lineStyle>
    <lineStyle>
        <pen width="0.64">
            <color>CHYLW</color>
        </pen>
    </lineStyle>
</ls:compositeLineStyle>
