<?xml version="1.0" encoding="utf-8"?>

<?S100lineage source="S52Preslib4.0" format="S100Ed2" version="0.1" creationDate="2015-03-13"?>
<?S100Meta name="RCRTCL14" exposition="regulated one-way recommended route centreline, based on fixed marks"?>
<ls:lineStyle xmlns:ls="http://www.iho.int/S100LineStyle/5.2">
   <intervalLength>23.6</intervalLength>
   <pen width="0.32">
      <color>TRFCD</color>
   </pen>
   <dash>
      <start>0.5</start>
      <length>23</length>
   </dash>
   <symbol reference="EMRCRTC2">
      <position>11</position>
   </symbol>
</ls:lineStyle>
