<?xml version="1.0" encoding="utf-8"?>
<?S100lineage source="S52Preslib4.0" format="S100Ed2" version="0.1" creationDate="2015-03-16"?>
<?S100Meta name="SCLBDY51" exposition="chart scale boundary, the double line indicates the larger scale"?>
<ls:compositeLineStyle xmlns:ls="http://www.iho.int/S100LineStyle/5.2">
    <lineStyle offset="-1.0">
        <intervalLength>6.10</intervalLength>
        <pen width="0.96">
            <color>CHGRF</color>
        </pen>
        <dash>
            <start>0.0</start>
            <length>6.10</length>
        </dash>
    </lineStyle>
    <lineStyle offset="1.74">
        <intervalLength>6.10</intervalLength>
        <pen width="0.32">
            <color>CHGRF</color>
        </pen>
        <dash>
            <start>0.0</start>
            <length>6.10</length>
        </dash>
    </lineStyle>
    <lineStyle offset="2.43">
        <intervalLength>6.10</intervalLength>
        <pen width="0.32">
            <color>CHGRF</color>
        </pen>
        <dash>
            <start>0.0</start>
            <length>6.10</length>
        </dash>
    </lineStyle>
</ls:compositeLineStyle>
