<?xml version="1.0" encoding="UTF-8"?>

<!-- S-101 ALERT CATALOGUE -->
<ac:alertCatalog xmlns:ac="http://www.iho.int/S100AlertCatalog/5.2" version="1.2">

    <messages>
		<!-- Begin messages triggered by an alert for display in alert management or route plan -->
        <message id="CrossingSafetyContourMsg">
            <description>
                <name>Crossing Safety Contour Msg</name>
                <description>Crossing the safety contour</description>
                <language>eng</language>
            </description>
            <text>Crossing safety contour</text>
        </message>
        <message id="CrossingProhAreMsg">
            <description>
                <name>Crossing Proh Are Msg</name>
                <description>Crossing a prohibited area or area for which special conditions exist.</description>
                <language>eng</language>
            </description>
            <text>Crossing prohibited or special conditions area</text>
        </message>
        <message id="CrossingNavHazardsMsg">
            <description>
                <name>Crossing Nav Hazards Msg</name>
                <description>Crossing a navigational hazard</description>
                <language>eng</language>
            </description>
            <text>Crossing navigational hazard</text>
        </message>
		<!-- End messages triggered by an alert -->
		
		<!-- Begin messages triggered by disabling graphical highlight -->
        <message id="SafetyContourHighlightOffMsg">
            <description>
                <name>Safety Contour Highlight Off Msg</name>
                <description>Graphical highlighting is disabled for alerts generated by the safety contour</description>
                <language>eng</language>
            </description>
            <text>Indication of crossing safety contour is Off</text>
        </message>
        <message id="ProhAreHighlightOffMsg">
            <description>
                <name>Proh Are Highlight Off Msg</name>
                <description>Graphical highlighting is disabled for alerts generated by one or more types of prohibited areas / areas with special conditions</description>
                <language>eng</language>
            </description>
            <text>Indication of some prohibited areas or areas with special conditions is Off</text>
        </message>
        <message id="NavHazardsHighlightOffMsg">
            <description>
                <name>Nav Hazards Highlight Off Msg</name>
                <description>Graphical highlighting is disabled for alerts generated by navigation hazards</description>
                <language>eng</language>
            </description>
            <text>Indication of navigational hazards is Off</text>
        </message>
		<!-- End messages triggered by disabling graphical highlight -->
		
		<!-- Begin messages used as labels on UI components -->
        <message id="ProhArePriorityLbl">
            <description>
                <name>Proh Are Priority Lbl</name>
                <description>Label for the UI component allowing selection of the alert priority for prohibited areas / areas with special conditions</description>
                <language>eng</language>
            </description>
            <text>ProhAre Alert Priority</text>
        </message>
        <message id="NavHazardsPriorityLbl">
            <description>
                <name>Nav Hazards Priority Lbl</name>
                <description>Label for the UI component allowing selection of the alert priority for navigational hazards</description>
                <language>eng</language>
            </description>
            <text>Nav Hazards Alert Priority</text>
        </message>
		<!-- End messages used as labels on UI components -->
    </messages>
	
	<highlights>
		<highlight id="SafetyContourHighlight" style="AlarmHighlight" optional="true" msg="SafetyContourHighlightOffMsg">
            <description>
                <name>Safety Contour Highlight</name>
                <description>Used to turn on or off the graphical highlighting of alerts triggered by the safety contour.</description>
                <language>eng</language>
            </description>
			<viewingGroup ref="53010"/>
		</highlight>
		<highlight id="NavHazardsHighlight" style="CautionHighlight" optional="true" msg="NavHazardsHighlightOffMsg">
            <description>
                <name>Nav Hazards Highlight</name>
                <description>Used to turn on or off the graphical highlighting of alerts triggered by navigational hazards.</description>
                <language>eng</language>
            </description>
			<viewingGroup ref="53011"/>
		</highlight>
		<highlight id="ProhAreHighlight" style="CautionHighlight" msg="ProhAreHighlightOffMsg">
            <description>
                <name>Proh Are Highlight</name>
                <description>Used to turn on or off the graphical highlighting of alerts triggered by prohibited areas or areas with special conditions.</description>
                <language>eng</language>
            </description>
			<!-- Viewing groups used to control the alert highlights
				ViewingGroup: Feature
				53012: Traffic separation zone
				53013: Inshore traffic zone
				53014: Restricted area
				53015: Areas to be avoided
				53016: PSSA (Particularly Sensitive Sea Area)
				53017: Caution area
				53018: Offshore production area
				53019: User defined areas to be avoided
				53020: Military practice area
				53021: Seaplane landing area
				53022: Submarine transit lane
				53023: Anchorage area
				53024: Marine farm/aquaculture
			-->
			<viewingGroup ref="53012"/>
			<viewingGroup ref="53013"/>
			<viewingGroup ref="53014"/>
			<viewingGroup ref="53015"/>
			<viewingGroup ref="53016"/>
			<viewingGroup ref="53017"/>
			<viewingGroup ref="53018"/>
			<viewingGroup ref="53019"/>
			<viewingGroup ref="53020"/>
			<viewingGroup ref="53021"/>
			<viewingGroup ref="53022"/>
			<viewingGroup ref="53023"/>
			<viewingGroup ref="53024"/>
		</highlight>
	</highlights>
	
    <alerts>
        <alert id="SafetyContour">
            <description>
                <name>Safety contour</name>
                <description>Alert for the safety contour. See MSC.530(106)/A11.3.4, A11.4.3</description>
                <language>eng</language>
            </description>
			<!-- MSC.530(106)/A11.4.3 -->
            <routeMonitor msg="CrossingSafetyContourMsg" highlight="SafetyContourHighlight">
                <priority>Alarm</priority>
            </routeMonitor>
			<!-- MSC.530(106)/A11.3.4 -->
            <routePlan msg="CrossingSafetyContourMsg" highlight="SafetyContourHighlight">
                <priority>Indication</priority>
            </routePlan>
        </alert>
        <alert id="ProhAre">
            <description>
                <name>Prohibited areas</name>
                <description>Alert for prohibited areas or geographic areas for which special conditions exist. See MSC.530(106)/A11.3.5, A11.4.4</description>
                <language>eng</language>
            </description>
			<!-- MSC.530(106)/A11.4.4 -->
            <routeMonitor msg="CrossingProhAreMsg" highlight="ProhAreHighlight">
				<priorities label="ProhArePriorityLbl">
					<priority default="true">Caution</priority>
					<priority>Warning</priority>
					<priority>Indication</priority>
				</priorities>
            </routeMonitor>
			<!-- MSC.530(106)/A11.3.5 -->
            <routePlan msg="CrossingProhAreMsg" highlight="ProhAreHighlight">
                <priority>Indication</priority>
            </routePlan>
        </alert>
		<alert id="NavHazard">
			<description>
                <name>Navigation hazards</name>
                <description>Alert for passing close to a danger (e.g. obstruction, wreck, rock) or an aid to navigation. See MSC.530(106)/A11.3.5, A11.4.6</description>
                <language>eng</language>
            </description>
			<!-- MSC.530(106)/A11.4.6 -->
            <routeMonitor msg="CrossingNavHazardsMsg" highlight="NavHazardsHighlight">
				<priorities label="NavHazardsPriorityLbl">
					<priority default="true">Warning</priority>
					<priority>Caution</priority>
					<priority>Indication</priority>
				</priorities>
            </routeMonitor>
			<!-- MSC.530(106)/A11.3.5 -->
            <routePlan msg="CrossingNavHazardsMsg" highlight="NavHazardsHighlight">
                <priority>Indication</priority>
            </routePlan>
		</alert>
    </alerts>
</ac:alertCatalog>